{"stat.pickup.minecraft.bone":2,"stat.pickup.minecraft.wooden_slab":1,"stat.useItem.minecraft.iron_axe":6,"stat.leaveGame":1,"stat.mineBlock.minecraft.cobblestone":4,"stat.pickup.minecraft.stone_pickaxe":1,"stat.craftItem.minecraft.iron_axe":1,"stat.killEntity.durahanzombiehead2":1,"stat.swimOneCm":24115,"stat.climbOneCm":2718,"stat.useItem.minecraft.planks":4,"stat.craftItem.minecraft.shield":1,"stat.pickup.minecraft.cooked_porkchop":2,"stat.pickup.minecraft.porkchop":89,"stat.drop.minecraft.brown_mushroom":1,"stat.useItem.minecraft.dirt":1,"stat.killEntity.betteranimalsplus.boar":3,"stat.useItem.minecraft.stone_slab2":30,"stat.pickup.minecraft.rotten_flesh":6,"stat.useItem.rustic.slate":1,"stat.craftItem.minecraft.furnace":2,"stat.craftItem.minecraft.stone_axe":1,"stat.craftItem.minecraft.spruce_boat":1,"stat.drop.rustic.wind_thistle":3,"stat.craftItem.minecraft.stone_pickaxe":3,"stat.pickup.minecraft.cobblestone":93,"stat.mineBlock.minecraft.wooden_slab":1,"stat.craftItem.minecraft.stone_sword":1,"stat.flyOneCm":379425,"stat.pickup.minecraft.brown_mushroom":1,"stat.mineBlock.rustic.log":5,"stat.pickup.rustic.slate":2,"stat.mineBlock.minecraft.iron_ore":25,"stat.timeSinceDeath":45223,"stat.useItem.minecraft.iron_pickaxe":112,"stat.craftItem.minecraft.wooden_pickaxe":3,"stat.mineBlock.minecraft.vine":1,"stat.furnaceInteraction":35,"stat.pickup.rustic.sapling":1,"stat.useItem.minecraft.cooked_porkchop":14,"stat.killEntity.ZombieVillager":2,"stat.mineBlock.minecraft.coal_ore":125,"stat.pickup.minecraft.beef":2,"stat.pickup.minecraft.furnace":7,"stat.craftItem.minecraft.stone_slab2":0,"stat.sprintOneCm":201562,"stat.useItem.rustic.wildberries":1,"stat.craftItem.minecraft.stick":36,"stat.craftItem.minecraft.wooden_axe":1,"stat.mineBlock.minecraft.crafting_table":9,"stat.pickup.rustic.olives":2,"stat.deaths":3,"stat.drop":10,"stat.playOneMinute":74700,"stat.craftItem.minecraft.iron_pickaxe":2,"stat.killEntity.Zombie":4,"stat.mineBlock.minecraft.tallgrass":5,"stat.pickup.ordinarycoins.coinbronze":10,"stat.diveOneCm":11060,"stat.chestOpened":4,"stat.useItem.minecraft.stone":4,"stat.drop.minecraft.wooden_pickaxe":2,"stat.pickup.minecraft.gravel":2,"stat.craftItem.minecraft.cooked_porkchop":16,"stat.mineBlock.rustic.slate":2,"stat.jump":1343,"stat.pickup.minecraft.coal":191,"stat.fallOneCm":37470,"stat.drop.minecraft.stone":2,"stat.useItem.minecraft.stone_axe":22,"stat.crouchOneCm":4638,"stat.craftItem.minecraft.iron_ingot":23,"stat.craftItem.minecraft.torch":48,"stat.pickup.rustic.grape_stem":1,"stat.pickup.minecraft.dirt":7,"stat.craftingTableInteraction":23,"stat.pickup.minecraft.iron_ore":25,"stat.pickup.mod_lavacow.glowshroom":1,"stat.dropperInspected":1,"stat.pickup.rustic.log":5,"stat.entityKilledBy.ebwizardry:evil_wizard":1,"stat.boatOneCm":43834,"stat.useItem.minecraft.sapling":2,"stat.pickup.rustic.wind_thistle":3,"stat.pickup.rustic.tomato_seeds":1,"stat.pickup.minecraft.wooden_pickaxe":2,"stat.damageTaken":1755,"stat.mineBlock.minecraft.furnace":7,"stat.mineBlock.minecraft.torch":6,"stat.useItem.minecraft.wooden_pickaxe":22,"stat.pickup.minecraft.reeds":8,"stat.pickup.minecraft.bed":2,"stat.entityKilledBy.Zombie":1,"stat.mineBlock.minecraft.gravel":1,"stat.useItem.minecraft.stone_pickaxe":140,"stat.useItem.minecraft.stone_sword":22,"stat.damageDealt":5484,"stat.killEntity.Silverfish":3,"stat.killEntity.Cow":2,"stat.mineBlock.minecraft.dirt":6,"stat.useItem.minecraft.crafting_table":2,"stat.killEntity.Pig":22,"stat.craftItem.minecraft.iron_sword":1,"stat.mineBlock.minecraft.monster_egg":1,"stat.walkOneCm":225496,"stat.useItem.minecraft.torch":7,"stat.playerKills":1,"stat.killEntity.skeletoncloak":1,"stat.drop.minecraft.rotten_flesh":1,"stat.pickup.minecraft.crafting_table":10,"stat.useItem.minecraft.log":2,"stat.useItem.minecraft.cobblestone":36,"stat.craftItem.minecraft.crafting_table":3,"stat.useItem.minecraft.spruce_boat":2,"stat.pickup.minecraft.log":30,"stat.pickup.minecraft.stone":8,"stat.drop.minecraft.sapling":1,"stat.craftItem.minecraft.iron_chestplate":1,"stat.pickup.minecraft.sapling":16,"stat.killEntity.Skeleton":1,"stat.craftItem.minecraft.planks":84,"stat.useItem.minecraft.iron_sword":58,"stat.mineBlock.mod_lavacow.glowshroom":1,"stat.entityKilledBy.undead_knight":1,"stat.mobKills":40,"stat.mineBlock.minecraft.log":30,"stat.mineBlock.minecraft.leaves":14,"stat.pickup.minecraft.torch":6,"stat.sneakTime":376,"stat.pickup.minecraft.spruce_boat":2,"stat.useItem.minecraft.wooden_axe":27,"stat.mineBlock.rustic.wind_thistle":1,"stat.mineBlock.minecraft.stone":100}