{"stat.walkOneCm":16599,"stat.playerKills":1,"stat.drop.minecraft.rotten_flesh":1,"stat.pickup.minecraft.crafting_table":2,"stat.craftItem.minecraft.crafting_table":1,"stat.pickup.rustic.sapling":1,"stat.mineBlock.minecraft.coal_ore":2,"stat.pickup.minecraft.log":12,"stat.swimOneCm":686,"stat.jump":151,"stat.pickup.minecraft.coal":2,"stat.fallOneCm":3882,"stat.climbOneCm":744,"stat.pickup.minecraft.porkchop":18,"stat.drop.minecraft.sapling":1,"stat.crouchOneCm":646,"stat.pickup.minecraft.sapling":5,"stat.pickup.minecraft.dirt":1,"stat.sprintOneCm":21144,"stat.useItem.minecraft.stone_slab2":5,"stat.craftItem.minecraft.stick":8,"stat.craftItem.minecraft.wooden_axe":1,"stat.craftingTableInteraction":2,"stat.pickup.minecraft.rotten_flesh":1,"stat.pickup.rustic.log":5,"stat.useItem.minecraft.sapling":2,"stat.craftItem.minecraft.planks":16,"stat.pickup.rustic.wind_thistle":3,"stat.drop.rustic.wind_thistle":3,"stat.damageTaken":10,"stat.mineBlock.minecraft.crafting_table":2,"stat.pickup.rustic.olives":2,"stat.craftItem.minecraft.stone_pickaxe":1,"stat.useItem.minecraft.wooden_pickaxe":13,"stat.mobKills":8,"stat.pickup.minecraft.cobblestone":12,"stat.mineBlock.minecraft.log":12,"stat.craftItem.minecraft.stone_sword":1,"stat.flyOneCm":17252,"stat.drop":5,"stat.mineBlock.minecraft.leaves":11,"stat.playOneMinute":7940,"stat.mineBlock.rustic.log":5,"stat.useItem.minecraft.stone_pickaxe":2,"stat.sneakTime":57,"stat.useItem.minecraft.stone_sword":8,"stat.damageDealt":1071,"stat.timeSinceDeath":7940,"stat.useItem.minecraft.wooden_axe":25,"stat.mineBlock.minecraft.dirt":1,"stat.mineBlock.rustic.wind_thistle":1,"stat.craftItem.minecraft.wooden_pickaxe":1,"stat.killEntity.Pig":8,"stat.mineBlock.minecraft.stone":12,"stat.mineBlock.minecraft.tallgrass":2}