{"stat.pickup.minecraft.bone":14,"stat.pickup.minecraft.wooden_slab":1,"stat.useItem.minecraft.iron_axe":9,"stat.leaveGame":1,"stat.mineBlock.minecraft.cobblestone":4,"stat.mineBlock.ebwizardry.crystal_flower":1,"stat.pickup.minecraft.stone_pickaxe":1,"stat.craftItem.minecraft.iron_axe":1,"stat.killEntity.durahanzombiehead2":1,"stat.swimOneCm":69231,"stat.climbOneCm":2718,"stat.useItem.minecraft.planks":4,"stat.craftItem.minecraft.shield":1,"stat.pickup.minecraft.cooked_porkchop":4,"stat.pickup.minecraft.porkchop":92,"stat.drop.minecraft.brown_mushroom":1,"stat.useItem.minecraft.dirt":1,"stat.killEntity.betteranimalsplus.boar":3,"stat.useItem.minecraft.stone_slab2":37,"stat.pickup.minecraft.rotten_flesh":7,"stat.useItem.rustic.slate":1,"stat.craftItem.minecraft.furnace":3,"stat.craftItem.minecraft.stone_axe":1,"stat.craftItem.minecraft.spruce_boat":1,"stat.drop.rustic.wind_thistle":3,"stat.craftItem.minecraft.stone_pickaxe":3,"stat.pickup.minecraft.cobblestone":155,"stat.mineBlock.minecraft.wooden_slab":1,"stat.craftItem.minecraft.stone_sword":1,"stat.flyOneCm":396165,"stat.pickup.minecraft.brown_mushroom":1,"stat.mineBlock.rustic.log":5,"stat.pickup.rustic.slate":2,"stat.mineBlock.minecraft.iron_ore":51,"stat.timeSinceDeath":71421,"stat.useItem.minecraft.iron_pickaxe":364,"stat.craftItem.minecraft.wooden_pickaxe":3,"stat.craftItem.ebwizardry.magic_crystal":2,"stat.mineBlock.minecraft.vine":1,"stat.furnaceInteraction":52,"stat.pickup.rustic.sapling":1,"stat.useItem.minecraft.cooked_porkchop":23,"stat.pickup.ebwizardry.magic_crystal":3,"stat.killEntity.ZombieVillager":3,"stat.mineBlock.minecraft.coal_ore":237,"stat.pickup.minecraft.beef":2,"stat.pickup.minecraft.furnace":10,"stat.craftItem.minecraft.stone_slab2":0,"stat.sprintOneCm":238273,"stat.useItem.rustic.wildberries":1,"stat.craftItem.minecraft.stick":48,"stat.craftItem.minecraft.wooden_axe":1,"stat.craftItem.minecraft.gold_nugget":9,"stat.mineBlock.minecraft.diamond_ore":2,"stat.craftItem.ebwizardry.magic_wand":1,"stat.mineBlock.minecraft.crafting_table":12,"stat.pickup.rustic.olives":2,"stat.deaths":3,"stat.drop":11,"stat.playOneMinute":100898,"stat.craftItem.minecraft.iron_pickaxe":3,"stat.killEntity.Zombie":5,"stat.mineBlock.minecraft.gold_ore":31,"stat.mineBlock.minecraft.tallgrass":5,"stat.pickup.ordinarycoins.coinbronze":26,"stat.diveOneCm":16189,"stat.chestOpened":4,"stat.useItem.minecraft.stone":4,"stat.drop.minecraft.wooden_pickaxe":2,"stat.pickup.minecraft.gravel":2,"stat.pickup.minecraft.arrow":8,"stat.craftItem.minecraft.cooked_porkchop":30,"stat.mineBlock.rustic.slate":2,"stat.jump":1629,"stat.pickup.minecraft.coal":408,"stat.fallOneCm":41934,"stat.pickup.minecraft.iron_ingot":6,"stat.drop.minecraft.stone":2,"stat.useItem.minecraft.stone_axe":22,"stat.crouchOneCm":5346,"stat.craftItem.minecraft.iron_ingot":30,"stat.craftItem.minecraft.torch":60,"stat.pickup.rustic.grape_stem":1,"stat.pickup.minecraft.dirt":11,"stat.craftingTableInteraction":32,"stat.pickup.minecraft.iron_ore":66,"stat.pickup.mod_lavacow.glowshroom":1,"stat.dropperInspected":1,"stat.pickup.rustic.log":5,"stat.entityKilledBy.ebwizardry:evil_wizard":1,"stat.boatOneCm":43834,"stat.useItem.minecraft.sapling":2,"stat.pickup.minecraft.gold_ore":31,"stat.mineBlock.minecraft.lapis_ore":7,"stat.pickup.rustic.wind_thistle":3,"stat.pickup.rustic.tomato_seeds":1,"stat.pickup.minecraft.wooden_pickaxe":2,"stat.damageTaken":2572,"stat.mineBlock.minecraft.furnace":10,"stat.mineBlock.minecraft.torch":6,"stat.useItem.minecraft.wooden_pickaxe":22,"stat.useItem.minecraft.furnace":1,"stat.pickup.ebwizardry.crystal_flower":1,"stat.pickup.minecraft.dye":42,"stat.pickup.minecraft.reeds":8,"stat.pickup.minecraft.bed":2,"stat.entityKilledBy.Zombie":1,"stat.mineBlock.minecraft.gravel":1,"stat.useItem.minecraft.stone_pickaxe":140,"stat.useItem.minecraft.stone_sword":22,"stat.damageDealt":7545,"stat.killEntity.Silverfish":3,"stat.killEntity.Cow":2,"stat.mineBlock.minecraft.dirt":10,"stat.useItem.minecraft.crafting_table":2,"stat.killEntity.Pig":22,"stat.craftItem.minecraft.iron_sword":1,"stat.mineBlock.minecraft.monster_egg":1,"stat.walkOneCm":279750,"stat.useItem.minecraft.torch":28,"stat.playerKills":1,"stat.killEntity.skeletoncloak":1,"stat.drop.minecraft.rotten_flesh":2,"stat.pickup.minecraft.crafting_table":13,"stat.useItem.minecraft.log":2,"stat.useItem.minecraft.cobblestone":86,"stat.craftItem.minecraft.crafting_table":3,"stat.useItem.minecraft.spruce_boat":2,"stat.mineBlock.ebwizardry.crystal_ore":2,"stat.pickup.minecraft.log":30,"stat.craftItem.minecraft.gold_ingot":5,"stat.pickup.minecraft.stone":11,"stat.drop.minecraft.sapling":1,"stat.craftItem.minecraft.iron_chestplate":1,"stat.pickup.minecraft.sapling":16,"stat.killEntity.Skeleton":10,"stat.craftItem.minecraft.bucket":1,"stat.craftItem.minecraft.planks":84,"stat.useItem.minecraft.iron_sword":90,"stat.mineBlock.mod_lavacow.glowshroom":1,"stat.entityKilledBy.undead_knight":1,"stat.mobKills":51,"stat.mineBlock.minecraft.log":30,"stat.pickup.minecraft.diamond":2,"stat.mineBlock.minecraft.leaves":14,"stat.pickup.minecraft.torch":6,"stat.sneakTime":600,"stat.pickup.minecraft.spruce_boat":2,"stat.useItem.minecraft.wooden_axe":27,"stat.mineBlock.rustic.wind_thistle":1,"stat.mineBlock.minecraft.stone":165}