{"stat.walkOneCm":41854,"stat.playerKills":1,"stat.drop.minecraft.rotten_flesh":1,"stat.pickup.minecraft.crafting_table":4,"stat.craftItem.minecraft.cooked_porkchop":6,"stat.craftItem.minecraft.crafting_table":1,"stat.furnaceInteraction":10,"stat.pickup.rustic.sapling":1,"stat.useItem.minecraft.cooked_porkchop":4,"stat.mineBlock.minecraft.coal_ore":7,"stat.mineBlock.rustic.slate":2,"stat.pickup.minecraft.log":19,"stat.swimOneCm":10743,"stat.jump":317,"stat.pickup.minecraft.coal":16,"stat.fallOneCm":8548,"stat.climbOneCm":744,"stat.pickup.minecraft.furnace":2,"stat.craftItem.minecraft.stone_slab2":0,"stat.pickup.minecraft.porkchop":38,"stat.drop.minecraft.sapling":1,"stat.crouchOneCm":1092,"stat.craftItem.minecraft.iron_ingot":3,"stat.craftItem.minecraft.torch":12,"stat.pickup.minecraft.sapling":5,"stat.pickup.minecraft.dirt":4,"stat.useItem.minecraft.dirt":1,"stat.killEntity.betteranimalsplus.boar":2,"stat.sprintOneCm":53420,"stat.useItem.minecraft.stone_slab2":13,"stat.useItem.rustic.wildberries":1,"stat.craftItem.minecraft.stick":12,"stat.craftItem.minecraft.wooden_axe":1,"stat.craftingTableInteraction":5,"stat.pickup.minecraft.iron_ore":3,"stat.pickup.minecraft.rotten_flesh":1,"stat.useItem.rustic.slate":1,"stat.pickup.mod_lavacow.glowshroom":1,"stat.pickup.rustic.log":5,"stat.craftItem.minecraft.furnace":1,"stat.entityKilledBy.ebwizardry:evil_wizard":1,"stat.useItem.minecraft.sapling":2,"stat.craftItem.minecraft.planks":48,"stat.pickup.rustic.wind_thistle":3,"stat.drop.rustic.wind_thistle":3,"stat.damageTaken":565,"stat.mineBlock.minecraft.crafting_table":4,"stat.pickup.rustic.olives":2,"stat.craftItem.minecraft.stone_pickaxe":1,"stat.mineBlock.minecraft.furnace":2,"stat.useItem.minecraft.wooden_pickaxe":13,"stat.mineBlock.mod_lavacow.glowshroom":1,"stat.mobKills":11,"stat.pickup.minecraft.cobblestone":30,"stat.mineBlock.minecraft.log":19,"stat.pickup.minecraft.reeds":8,"stat.craftItem.minecraft.stone_sword":1,"stat.flyOneCm":44583,"stat.deaths":1,"stat.drop":5,"stat.mineBlock.minecraft.leaves":11,"stat.playOneMinute":20540,"stat.mineBlock.rustic.log":5,"stat.pickup.rustic.slate":2,"stat.useItem.minecraft.stone_pickaxe":32,"stat.sneakTime":123,"stat.useItem.minecraft.stone_sword":22,"stat.craftItem.minecraft.iron_pickaxe":1,"stat.damageDealt":1411,"stat.mineBlock.minecraft.iron_ore":3,"stat.timeSinceDeath":2124,"stat.useItem.minecraft.wooden_axe":27,"stat.mineBlock.minecraft.dirt":4,"stat.useItem.minecraft.iron_pickaxe":3,"stat.mineBlock.rustic.wind_thistle":1,"stat.craftItem.minecraft.wooden_pickaxe":1,"stat.killEntity.Pig":9,"stat.mineBlock.minecraft.stone":30,"stat.mineBlock.minecraft.tallgrass":4,"stat.diveOneCm":4967}