{"stat.leaveGame":1,"stat.mineBlock.minecraft.cobblestone":3,"stat.swimOneCm":12959,"stat.climbOneCm":744,"stat.useItem.minecraft.planks":4,"stat.pickup.minecraft.cooked_porkchop":2,"stat.pickup.minecraft.porkchop":43,"stat.drop.minecraft.brown_mushroom":1,"stat.useItem.minecraft.dirt":1,"stat.killEntity.betteranimalsplus.boar":2,"stat.useItem.minecraft.stone_slab2":16,"stat.pickup.minecraft.rotten_flesh":4,"stat.useItem.rustic.slate":1,"stat.craftItem.minecraft.furnace":1,"stat.craftItem.minecraft.stone_axe":1,"stat.drop.rustic.wind_thistle":3,"stat.craftItem.minecraft.stone_pickaxe":2,"stat.pickup.minecraft.cobblestone":45,"stat.craftItem.minecraft.stone_sword":1,"stat.flyOneCm":137626,"stat.pickup.minecraft.brown_mushroom":1,"stat.mineBlock.rustic.log":5,"stat.pickup.rustic.slate":2,"stat.mineBlock.minecraft.iron_ore":3,"stat.timeSinceDeath":2491,"stat.useItem.minecraft.iron_pickaxe":3,"stat.craftItem.minecraft.wooden_pickaxe":2,"stat.furnaceInteraction":10,"stat.pickup.rustic.sapling":1,"stat.useItem.minecraft.cooked_porkchop":4,"stat.killEntity.ZombieVillager":2,"stat.mineBlock.minecraft.coal_ore":38,"stat.pickup.minecraft.beef":2,"stat.pickup.minecraft.furnace":2,"stat.craftItem.minecraft.stone_slab2":0,"stat.sprintOneCm":73906,"stat.useItem.rustic.wildberries":1,"stat.craftItem.minecraft.stick":24,"stat.craftItem.minecraft.wooden_axe":1,"stat.mineBlock.minecraft.crafting_table":5,"stat.pickup.rustic.olives":2,"stat.deaths":3,"stat.drop":7,"stat.playOneMinute":31968,"stat.craftItem.minecraft.iron_pickaxe":1,"stat.killEntity.Zombie":2,"stat.mineBlock.minecraft.tallgrass":4,"stat.pickup.ordinarycoins.coinbronze":4,"stat.diveOneCm":5598,"stat.drop.minecraft.wooden_pickaxe":1,"stat.craftItem.minecraft.cooked_porkchop":6,"stat.mineBlock.rustic.slate":2,"stat.jump":488,"stat.pickup.minecraft.coal":47,"stat.fallOneCm":15336,"stat.useItem.minecraft.stone_axe":22,"stat.crouchOneCm":1469,"stat.craftItem.minecraft.iron_ingot":3,"stat.craftItem.minecraft.torch":36,"stat.pickup.minecraft.dirt":5,"stat.craftingTableInteraction":11,"stat.pickup.minecraft.iron_ore":3,"stat.pickup.mod_lavacow.glowshroom":1,"stat.pickup.rustic.log":5,"stat.entityKilledBy.ebwizardry:evil_wizard":1,"stat.useItem.minecraft.sapling":2,"stat.pickup.rustic.wind_thistle":3,"stat.pickup.minecraft.wooden_pickaxe":1,"stat.damageTaken":1110,"stat.mineBlock.minecraft.furnace":2,"stat.useItem.minecraft.wooden_pickaxe":18,"stat.pickup.minecraft.reeds":8,"stat.entityKilledBy.Zombie":1,"stat.useItem.minecraft.stone_pickaxe":78,"stat.useItem.minecraft.stone_sword":22,"stat.damageDealt":2550,"stat.killEntity.Cow":2,"stat.mineBlock.minecraft.dirt":5,"stat.killEntity.Pig":10,"stat.walkOneCm":78070,"stat.playerKills":1,"stat.drop.minecraft.rotten_flesh":1,"stat.pickup.minecraft.crafting_table":5,"stat.useItem.minecraft.log":2,"stat.useItem.minecraft.cobblestone":3,"stat.craftItem.minecraft.crafting_table":2,"stat.pickup.minecraft.log":30,"stat.pickup.minecraft.stone":1,"stat.drop.minecraft.sapling":1,"stat.pickup.minecraft.sapling":8,"stat.craftItem.minecraft.planks":84,"stat.mineBlock.mod_lavacow.glowshroom":1,"stat.entityKilledBy.undead_knight":1,"stat.mobKills":19,"stat.mineBlock.minecraft.log":30,"stat.mineBlock.minecraft.leaves":14,"stat.sneakTime":261,"stat.useItem.minecraft.wooden_axe":27,"stat.mineBlock.rustic.wind_thistle":1,"stat.mineBlock.minecraft.stone":46}