{"stat.chestOpened":1,"stat.walkOneCm":67952,"stat.useItem.minecraft.torch":5,"stat.pickup.minecraft.crafting_table":1,"stat.pickup.minecraft.stone_pickaxe":1,"stat.craftItem.minecraft.crafting_table":2,"stat.pickup.minecraft.stone_axe":1,"stat.pickup.minecraft.log":15,"stat.pickup.mod_lavacow.feather_black":1,"stat.swimOneCm":1841,"stat.jump":334,"stat.pickup.minecraft.coal":25,"stat.useItem.minecraft.planks":2,"stat.fallOneCm":7557,"stat.pickup.minecraft.beef":5,"stat.useItem.minecraft.stone_axe":1,"stat.pickup.minecraft.porkchop":8,"stat.pickup.minecraft.stone":1,"stat.crouchOneCm":883,"stat.pickup.minecraft.sapling":3,"stat.pickup.minecraft.dirt":1,"stat.sprintOneCm":29953,"stat.useItem.minecraft.stone_slab2":2,"stat.useItem.rustic.wildberries":2,"stat.craftItem.minecraft.stick":8,"stat.craftingTableInteraction":4,"stat.pickup.minecraft.rotten_flesh":7,"stat.killEntity.undead_knight":1,"stat.craftItem.minecraft.planks":52,"stat.pickup.minecraft.wooden_pickaxe":1,"stat.damageTaken":676,"stat.pickup.minecraft.leather":2,"stat.mineBlock.minecraft.crafting_table":1,"stat.mobKills":4,"stat.pickup.minecraft.cobblestone":5,"stat.craftItem.minecraft.wooden_sword":1,"stat.mineBlock.minecraft.log":15,"stat.entityKilledBy.Creeper":1,"stat.pickup.minecraft.planks":44,"stat.craftItem.minecraft.stone_sword":1,"stat.flyOneCm":61604,"stat.deaths":2,"stat.mineBlock.minecraft.leaves":1,"stat.pickup.minecraft.egg":1,"stat.playOneMinute":14302,"stat.useItem.minecraft.wooden_sword":8,"stat.pickup.minecraft.torch":24,"stat.sneakTime":379,"stat.pickup.minecraft.slime_ball":1,"stat.useItem.minecraft.stone_sword":1,"stat.damageDealt":533,"stat.timeSinceDeath":1452,"stat.killEntity.Cow":1,"stat.entityKilledBy.skeletoncloak":1,"stat.killEntity.Pig":1,"stat.mineBlock.minecraft.tallgrass":3,"stat.pickup.ordinarycoins.coinbronze":4,"stat.killEntity.mod_lavacow.raven":1}