{"stat.walkOneCm":43563,"stat.leaveGame":1,"stat.pickup.minecraft.crafting_table":2,"stat.useItem.minecraft.log":11,"stat.craftItem.minecraft.crafting_table":1,"stat.pickup.rustic.sapling":1,"stat.mineBlock.minecraft.coal_ore":14,"stat.useItem.rustic.log":4,"stat.pickup.minecraft.log":45,"stat.drop.rustic.olives":2,"stat.swimOneCm":196,"stat.jump":172,"stat.pickup.minecraft.coal":14,"stat.fallOneCm":1380,"stat.useItem.minecraft.stone_axe":9,"stat.pickup.minecraft.porkchop":9,"stat.crouchOneCm":507,"stat.pickup.minecraft.sapling":3,"stat.sprintOneCm":11034,"stat.useItem.minecraft.stone_slab2":4,"stat.useItem.rustic.wildberries":2,"stat.craftItem.minecraft.stick":12,"stat.craftItem.minecraft.wooden_axe":1,"stat.craftingTableInteraction":5,"stat.pickup.rustic.log":5,"stat.craftItem.minecraft.planks":32,"stat.craftItem.minecraft.stone_axe":1,"stat.damageTaken":385,"stat.mineBlock.minecraft.crafting_table":2,"stat.pickup.rustic.olives":2,"stat.craftItem.minecraft.stone_pickaxe":1,"stat.useItem.minecraft.wooden_pickaxe":6,"stat.pickup.minecraft.cobblestone":9,"stat.mobKills":4,"stat.mineBlock.minecraft.log":42,"stat.pickup.minecraft.planks":2,"stat.flyOneCm":6909,"stat.deaths":1,"stat.drop":2,"stat.mineBlock.minecraft.leaves":9,"stat.playOneMinute":21785,"stat.entityKilledBy.Zombie":1,"stat.useItem.minecraft.stone_pickaxe":17,"stat.sneakTime":561,"stat.damageDealt":400,"stat.timeSinceDeath":11438,"stat.useItem.minecraft.wooden_axe":44,"stat.mineBlock.minecraft.dirt":1,"stat.pickup.mod_lavacow.intestine":1,"stat.craftItem.minecraft.wooden_pickaxe":1,"stat.mineBlock.minecraft.stone":9,"stat.killEntity.Pig":4,"stat.mineBlock.minecraft.tallgrass":1}