{"stat.useItem.minecraft.end_bricks":3,"stat.pickup.minecraft.bone":8,"stat.leaveGame":2,"stat.mineBlock.minecraft.cobblestone":4,"stat.mineBlock.minecraft.sandstone":5,"stat.drop.rustic.olives":2,"stat.swimOneCm":23420,"stat.climbOneCm":444,"stat.craftItem.minecraft.shield":1,"stat.pickup.minecraft.porkchop":22,"stat.pickup.xreliquary.mob_ingredient":2,"stat.useItem.minecraft.stone_slab2":31,"stat.mineBlock.minecraft.red_sandstone":3,"stat.pickup.minecraft.bow":2,"stat.pickup.minecraft.iron_boots":1,"stat.pickup.minecraft.rotten_flesh":8,"stat.craftItem.minecraft.furnace":5,"stat.pickup.minecraft.brick_block":2,"stat.craftItem.minecraft.stone_axe":1,"stat.craftItem.minecraft.iron_boots":1,"stat.craftItem.minecraft.stone_pickaxe":1,"stat.killEntity.betteranimalsplus.crab":1,"stat.pickup.minecraft.cobblestone":147,"stat.craftItem.minecraft.stone_sword":1,"stat.useItem.minecraft.brick_block":1,"stat.flyOneCm":71570,"stat.pickup.minecraft.sandstone":3,"stat.mineBlock.minecraft.sand":1,"stat.mineBlock.rustic.log":5,"stat.pickup.minecraft.redstone":34,"stat.mineBlock.minecraft.iron_ore":94,"stat.timeSinceDeath":80360,"stat.pickup.mod_lavacow.intestine":2,"stat.useItem.minecraft.iron_pickaxe":250,"stat.craftItem.minecraft.wooden_pickaxe":1,"stat.pickup.minecraft.mutton":6,"stat.mineBlock.minecraft.brick_block":2,"stat.killEntity.Bat":1,"stat.craftItem.minecraft.bed":2,"stat.furnaceInteraction":38,"stat.pickup.rustic.sapling":1,"stat.useItem.minecraft.cooked_porkchop":17,"stat.pickup.ebwizardry.magic_crystal":29,"stat.mineBlock.minecraft.coal_ore":69,"stat.useItem.rustic.log":4,"stat.pickup.minecraft.beef":2,"stat.pickup.minecraft.furnace":2,"stat.craftItem.minecraft.stone_slab2":0,"stat.mineBlock.minecraft.end_bricks":5,"stat.sprintOneCm":109842,"stat.useItem.rustic.wildberries":6,"stat.craftItem.minecraft.stick":44,"stat.craftItem.minecraft.wooden_axe":1,"stat.craftItem.minecraft.gold_nugget":9,"stat.craftItem.ebwizardry.magic_wand":1,"stat.mineBlock.minecraft.crafting_table":7,"stat.pickup.rustic.olives":2,"stat.deaths":1,"stat.drop":5,"stat.playOneMinute":90707,"stat.killEntity.Sheep":3,"stat.craftItem.minecraft.iron_pickaxe":1,"stat.killEntity.Zombie":9,"stat.mineBlock.minecraft.gold_ore":13,"stat.mineBlock.minecraft.tallgrass":1,"stat.pickup.ordinarycoins.coinbronze":37,"stat.diveOneCm":2560,"stat.pickup.minecraft.purpur_pillar":1,"stat.chestOpened":26,"stat.useItem.minecraft.stone":4,"stat.pickup.minecraft.arrow":6,"stat.craftItem.minecraft.cooked_porkchop":20,"stat.drop.minecraft.cooked_porkchop":2,"stat.mineBlock.minecraft.purpur_pillar":4,"stat.jump":1057,"stat.pickup.minecraft.coal":105,"stat.fallOneCm":13370,"stat.useItem.minecraft.stone_axe":42,"stat.drop.minecraft.stone_sword":1,"stat.crouchOneCm":9786,"stat.craftItem.minecraft.torch":100,"stat.craftItem.minecraft.chest":2,"stat.craftItem.minecraft.iron_ingot":80,"stat.pickup.minecraft.dirt":1,"stat.craftItem.minecraft.iron_helmet":1,"stat.craftingTableInteraction":26,"stat.pickup.minecraft.iron_ore":92,"stat.pickup.rustic.horsetail":10,"stat.dropperInspected":1,"stat.pickup.rustic.log":10,"stat.pickup.minecraft.gold_ore":13,"stat.mineBlock.minecraft.lapis_ore":3,"stat.pickup.rustic.tomato_seeds":3,"stat.damageTaken":1912,"stat.pickup.minecraft.leather":2,"stat.mineBlock.minecraft.furnace":2,"stat.useItem.minecraft.wooden_pickaxe":6,"stat.useItem.minecraft.furnace":3,"stat.pickup.minecraft.dye":17,"stat.pickup.minecraft.planks":2,"stat.pickup.minecraft.reeds":5,"stat.pickup.minecraft.bed":2,"stat.pickup.minecraft.wheat_seeds":5,"stat.entityKilledBy.Zombie":1,"stat.useItem.minecraft.stone_pickaxe":130,"stat.mineBlock.minecraft.glass":2,"stat.useItem.minecraft.stone_sword":87,"stat.craftItem.minecraft.iron_leggings":1,"stat.damageDealt":4934,"stat.sleepInBed":1,"stat.pickup.minecraft.end_bricks":5,"stat.mineBlock.minecraft.dirt":5,"stat.killEntity.Pig":11,"stat.craftItem.minecraft.iron_sword":1,"stat.walkOneCm":248312,"stat.useItem.minecraft.torch":102,"stat.useItem.minecraft.chest":1,"stat.useItem.minecraft.log":25,"stat.pickup.minecraft.crafting_table":6,"stat.useItem.minecraft.cobblestone":58,"stat.craftItem.minecraft.crafting_table":2,"stat.killEntity.betteranimalsplus.feralwolf":1,"stat.mineBlock.ebwizardry.crystal_ore":17,"stat.pickup.minecraft.log":59,"stat.craftItem.minecraft.gold_ingot":6,"stat.pickup.minecraft.stone":10,"stat.craftItem.minecraft.iron_chestplate":1,"stat.mineBlock.minecraft.wool":13,"stat.pickup.minecraft.sapling":6,"stat.pickup.minecraft.apple":1,"stat.killEntity.Skeleton":10,"stat.craftItem.minecraft.planks":136,"stat.useItem.minecraft.iron_sword":27,"stat.pickup.minecraft.stone_sword":1,"stat.mobKills":38,"stat.pickup.minecraft.book":3,"stat.mineBlock.minecraft.log":56,"stat.mineBlock.minecraft.bookshelf":1,"stat.mineBlock.minecraft.leaves":9,"stat.pickup.minecraft.torch":4,"stat.mineBlock.minecraft.redstone_ore":8,"stat.sneakTime":4727,"stat.pickup.minecraft.wool":16,"stat.pickup.rustic.chili_pepper_seeds":5,"stat.useItem.minecraft.wooden_axe":44,"stat.mineBlock.minecraft.stone":150}