{"stat.killEntity.Bat":1,"stat.walkOneCm":89003,"stat.useItem.minecraft.torch":11,"stat.pickup.minecraft.bone":1,"stat.leaveGame":1,"stat.pickup.minecraft.arrow":3,"stat.pickup.minecraft.crafting_table":5,"stat.useItem.minecraft.log":21,"stat.craftItem.minecraft.cooked_porkchop":9,"stat.craftItem.minecraft.crafting_table":1,"stat.furnaceInteraction":5,"stat.pickup.rustic.sapling":1,"stat.useItem.minecraft.cooked_porkchop":5,"stat.mineBlock.minecraft.coal_ore":37,"stat.useItem.rustic.log":4,"stat.pickup.minecraft.log":55,"stat.drop.minecraft.cooked_porkchop":2,"stat.drop.rustic.olives":2,"stat.swimOneCm":326,"stat.jump":323,"stat.pickup.minecraft.coal":45,"stat.fallOneCm":3905,"stat.pickup.minecraft.furnace":1,"stat.useItem.minecraft.stone_axe":27,"stat.craftItem.minecraft.stone_slab2":0,"stat.drop.minecraft.stone_sword":1,"stat.pickup.minecraft.porkchop":11,"stat.crouchOneCm":2417,"stat.craftItem.minecraft.torch":16,"stat.pickup.minecraft.sapling":3,"stat.sprintOneCm":22890,"stat.useItem.minecraft.stone_slab2":8,"stat.useItem.rustic.wildberries":6,"stat.craftItem.minecraft.stick":16,"stat.craftItem.minecraft.wooden_axe":1,"stat.craftingTableInteraction":9,"stat.pickup.minecraft.iron_ore":2,"stat.killEntity.Skeleton":2,"stat.pickup.rustic.log":10,"stat.craftItem.minecraft.furnace":1,"stat.craftItem.minecraft.planks":32,"stat.craftItem.minecraft.stone_axe":1,"stat.damageTaken":810,"stat.mineBlock.minecraft.crafting_table":5,"stat.pickup.rustic.olives":2,"stat.pickup.minecraft.stone_sword":1,"stat.craftItem.minecraft.stone_pickaxe":1,"stat.mineBlock.minecraft.furnace":1,"stat.useItem.minecraft.wooden_pickaxe":6,"stat.pickup.minecraft.cobblestone":36,"stat.mobKills":12,"stat.mineBlock.minecraft.log":52,"stat.pickup.minecraft.planks":2,"stat.craftItem.minecraft.stone_sword":1,"stat.flyOneCm":9512,"stat.deaths":1,"stat.drop":5,"stat.mineBlock.minecraft.leaves":9,"stat.playOneMinute":33485,"stat.mineBlock.rustic.log":5,"stat.entityKilledBy.Zombie":1,"stat.useItem.minecraft.stone_pickaxe":71,"stat.killEntity.Sheep":3,"stat.sneakTime":1585,"stat.useItem.minecraft.stone_sword":22,"stat.pickup.minecraft.wool":3,"stat.damageDealt":1200,"stat.mineBlock.minecraft.iron_ore":2,"stat.timeSinceDeath":23138,"stat.useItem.minecraft.wooden_axe":44,"stat.mineBlock.minecraft.dirt":1,"stat.pickup.mod_lavacow.intestine":1,"stat.craftItem.minecraft.wooden_pickaxe":1,"stat.mineBlock.minecraft.stone":36,"stat.killEntity.Pig":5,"stat.mineBlock.minecraft.tallgrass":1,"stat.pickup.ordinarycoins.coinbronze":6,"stat.pickup.minecraft.mutton":6}