{"stat.pickup.minecraft.bone":1,"stat.leaveGame":1,"stat.mineBlock.minecraft.cobblestone":1,"stat.mineBlock.minecraft.sandstone":5,"stat.drop.rustic.olives":2,"stat.swimOneCm":11508,"stat.climbOneCm":444,"stat.pickup.minecraft.porkchop":22,"stat.useItem.minecraft.stone_slab2":22,"stat.mineBlock.minecraft.red_sandstone":3,"stat.craftItem.minecraft.furnace":1,"stat.pickup.minecraft.brick_block":2,"stat.craftItem.minecraft.stone_axe":1,"stat.craftItem.minecraft.stone_pickaxe":1,"stat.killEntity.betteranimalsplus.crab":1,"stat.pickup.minecraft.cobblestone":59,"stat.craftItem.minecraft.stone_sword":1,"stat.useItem.minecraft.brick_block":1,"stat.flyOneCm":54062,"stat.pickup.minecraft.sandstone":3,"stat.mineBlock.minecraft.sand":1,"stat.mineBlock.rustic.log":5,"stat.mineBlock.minecraft.iron_ore":21,"stat.timeSinceDeath":52156,"stat.pickup.mod_lavacow.intestine":1,"stat.useItem.minecraft.iron_pickaxe":14,"stat.craftItem.minecraft.wooden_pickaxe":1,"stat.pickup.minecraft.mutton":6,"stat.mineBlock.minecraft.brick_block":2,"stat.killEntity.Bat":1,"stat.craftItem.minecraft.bed":2,"stat.furnaceInteraction":15,"stat.pickup.rustic.sapling":1,"stat.useItem.minecraft.cooked_porkchop":9,"stat.mineBlock.minecraft.coal_ore":37,"stat.useItem.rustic.log":4,"stat.pickup.minecraft.beef":2,"stat.pickup.minecraft.furnace":2,"stat.craftItem.minecraft.stone_slab2":0,"stat.sprintOneCm":63417,"stat.useItem.rustic.wildberries":6,"stat.craftItem.minecraft.stick":32,"stat.craftItem.minecraft.wooden_axe":1,"stat.mineBlock.minecraft.crafting_table":7,"stat.pickup.rustic.olives":2,"stat.deaths":1,"stat.drop":5,"stat.playOneMinute":62503,"stat.killEntity.Sheep":3,"stat.craftItem.minecraft.iron_pickaxe":1,"stat.killEntity.Zombie":1,"stat.mineBlock.minecraft.tallgrass":1,"stat.pickup.ordinarycoins.coinbronze":6,"stat.diveOneCm":2493,"stat.pickup.minecraft.purpur_pillar":1,"stat.chestOpened":5,"stat.useItem.minecraft.stone":3,"stat.pickup.minecraft.arrow":3,"stat.craftItem.minecraft.cooked_porkchop":20,"stat.drop.minecraft.cooked_porkchop":2,"stat.mineBlock.minecraft.purpur_pillar":4,"stat.jump":658,"stat.pickup.minecraft.coal":73,"stat.fallOneCm":8391,"stat.useItem.minecraft.stone_axe":42,"stat.drop.minecraft.stone_sword":1,"stat.crouchOneCm":5816,"stat.craftItem.minecraft.torch":64,"stat.pickup.minecraft.dirt":1,"stat.craftingTableInteraction":15,"stat.pickup.minecraft.iron_ore":16,"stat.pickup.rustic.horsetail":10,"stat.dropperInspected":1,"stat.pickup.rustic.log":10,"stat.pickup.rustic.tomato_seeds":3,"stat.damageTaken":1125,"stat.pickup.minecraft.leather":2,"stat.mineBlock.minecraft.furnace":2,"stat.useItem.minecraft.wooden_pickaxe":6,"stat.pickup.minecraft.planks":2,"stat.pickup.minecraft.reeds":5,"stat.pickup.minecraft.bed":2,"stat.pickup.minecraft.wheat_seeds":5,"stat.entityKilledBy.Zombie":1,"stat.useItem.minecraft.stone_pickaxe":130,"stat.mineBlock.minecraft.glass":2,"stat.useItem.minecraft.stone_sword":48,"stat.damageDealt":2079,"stat.sleepInBed":1,"stat.mineBlock.minecraft.dirt":5,"stat.killEntity.Pig":11,"stat.walkOneCm":160740,"stat.useItem.minecraft.torch":16,"stat.useItem.minecraft.log":25,"stat.pickup.minecraft.crafting_table":6,"stat.useItem.minecraft.cobblestone":7,"stat.craftItem.minecraft.crafting_table":2,"stat.killEntity.betteranimalsplus.feralwolf":1,"stat.pickup.minecraft.log":59,"stat.pickup.minecraft.stone":5,"stat.mineBlock.minecraft.wool":13,"stat.pickup.minecraft.sapling":6,"stat.pickup.minecraft.apple":1,"stat.killEntity.Skeleton":2,"stat.craftItem.minecraft.planks":36,"stat.pickup.minecraft.stone_sword":1,"stat.mobKills":21,"stat.pickup.minecraft.book":3,"stat.mineBlock.minecraft.log":56,"stat.mineBlock.minecraft.bookshelf":1,"stat.mineBlock.minecraft.leaves":9,"stat.sneakTime":2957,"stat.pickup.minecraft.wool":16,"stat.pickup.rustic.chili_pepper_seeds":5,"stat.useItem.minecraft.wooden_axe":44,"stat.mineBlock.minecraft.stone":67}