{"stat.useItem.minecraft.end_bricks":3,"stat.pickup.minecraft.bone":8,"stat.leaveGame":2,"stat.mineBlock.minecraft.cobblestone":4,"stat.craftItem.minecraft.iron_axe":1,"stat.mineBlock.minecraft.sandstone":5,"stat.drop.rustic.olives":2,"stat.swimOneCm":27274,"stat.climbOneCm":444,"stat.craftItem.minecraft.shield":1,"stat.pickup.minecraft.porkchop":22,"stat.pickup.xreliquary.mob_ingredient":2,"stat.useItem.minecraft.stone_slab2":33,"stat.mineBlock.minecraft.red_sandstone":3,"stat.pickup.minecraft.bow":2,"stat.pickup.minecraft.iron_boots":1,"stat.pickup.minecraft.rotten_flesh":8,"stat.craftItem.minecraft.furnace":5,"stat.craftItem.minecraft.lapis_block":1,"stat.pickup.minecraft.brick_block":2,"stat.craftItem.minecraft.stone_axe":1,"stat.craftItem.minecraft.iron_boots":1,"stat.craftItem.minecraft.stone_pickaxe":1,"stat.killEntity.betteranimalsplus.crab":1,"stat.pickup.minecraft.cobblestone":345,"stat.craftItem.minecraft.stone_sword":1,"stat.useItem.minecraft.brick_block":1,"stat.flyOneCm":76919,"stat.pickup.minecraft.sandstone":3,"stat.mineBlock.minecraft.sand":1,"stat.mineBlock.rustic.log":5,"stat.pickup.minecraft.redstone":129,"stat.mineBlock.minecraft.iron_ore":98,"stat.timeSinceDeath":92252,"stat.pickup.mod_lavacow.intestine":2,"stat.useItem.minecraft.iron_pickaxe":577,"stat.craftItem.minecraft.wooden_pickaxe":1,"stat.pickup.minecraft.mutton":6,"stat.mineBlock.minecraft.brick_block":2,"stat.killEntity.Bat":1,"stat.craftItem.minecraft.bed":2,"stat.furnaceInteraction":40,"stat.pickup.rustic.sapling":1,"stat.useItem.minecraft.cooked_porkchop":18,"stat.pickup.ebwizardry.magic_crystal":42,"stat.mineBlock.minecraft.coal_ore":91,"stat.useItem.rustic.log":4,"stat.pickup.minecraft.beef":2,"stat.pickup.minecraft.furnace":2,"stat.craftItem.minecraft.stone_slab2":0,"stat.mineBlock.minecraft.end_bricks":5,"stat.sprintOneCm":120990,"stat.useItem.rustic.wildberries":6,"stat.craftItem.minecraft.stick":48,"stat.craftItem.minecraft.wooden_axe":1,"stat.craftItem.minecraft.gold_nugget":9,"stat.craftItem.ebwizardry.magic_wand":1,"stat.mineBlock.minecraft.crafting_table":7,"stat.pickup.rustic.olives":2,"stat.deaths":1,"stat.pickup.tetra.geode":1,"stat.drop":5,"stat.playOneMinute":102599,"stat.killEntity.Sheep":3,"stat.craftItem.minecraft.iron_pickaxe":3,"stat.killEntity.Zombie":9,"stat.mineBlock.minecraft.gold_ore":13,"stat.mineBlock.minecraft.tallgrass":1,"stat.pickup.ordinarycoins.coinbronze":37,"stat.diveOneCm":2757,"stat.pickup.minecraft.purpur_pillar":1,"stat.chestOpened":31,"stat.useItem.minecraft.stone":7,"stat.pickup.minecraft.arrow":6,"stat.craftItem.minecraft.cooked_porkchop":20,"stat.drop.minecraft.cooked_porkchop":2,"stat.mineBlock.minecraft.purpur_pillar":4,"stat.jump":1117,"stat.pickup.minecraft.coal":127,"stat.fallOneCm":14123,"stat.useItem.minecraft.stone_axe":42,"stat.drop.minecraft.stone_sword":1,"stat.crouchOneCm":9917,"stat.craftItem.minecraft.torch":100,"stat.craftItem.minecraft.chest":2,"stat.craftItem.minecraft.iron_ingot":80,"stat.pickup.minecraft.dirt":1,"stat.craftItem.minecraft.iron_helmet":1,"stat.craftingTableInteraction":28,"stat.pickup.minecraft.iron_ore":96,"stat.pickup.rustic.horsetail":10,"stat.dropperInspected":1,"stat.pickup.rustic.log":10,"stat.pickup.minecraft.gold_ore":13,"stat.mineBlock.minecraft.lapis_ore":10,"stat.pickup.rustic.tomato_seeds":3,"stat.damageTaken":1922,"stat.pickup.minecraft.leather":2,"stat.mineBlock.minecraft.furnace":2,"stat.useItem.minecraft.wooden_pickaxe":6,"stat.useItem.minecraft.furnace":3,"stat.pickup.minecraft.dye":60,"stat.pickup.minecraft.planks":2,"stat.pickup.minecraft.reeds":5,"stat.pickup.minecraft.bed":2,"stat.pickup.minecraft.wheat_seeds":5,"stat.entityKilledBy.Zombie":1,"stat.useItem.minecraft.stone_pickaxe":130,"stat.mineBlock.minecraft.glass":2,"stat.useItem.minecraft.stone_sword":87,"stat.craftItem.minecraft.iron_leggings":1,"stat.damageDealt":4934,"stat.sleepInBed":1,"stat.pickup.minecraft.end_bricks":5,"stat.mineBlock.minecraft.dirt":5,"stat.killEntity.Pig":11,"stat.craftItem.minecraft.iron_sword":1,"stat.walkOneCm":281009,"stat.useItem.minecraft.torch":102,"stat.useItem.minecraft.chest":1,"stat.useItem.minecraft.log":25,"stat.pickup.minecraft.crafting_table":6,"stat.useItem.minecraft.cobblestone":59,"stat.craftItem.minecraft.crafting_table":2,"stat.killEntity.betteranimalsplus.feralwolf":1,"stat.mineBlock.ebwizardry.crystal_ore":22,"stat.pickup.minecraft.log":59,"stat.craftItem.minecraft.gold_ingot":6,"stat.pickup.minecraft.stone":78,"stat.craftItem.minecraft.iron_chestplate":1,"stat.mineBlock.minecraft.wool":13,"stat.pickup.minecraft.sapling":6,"stat.pickup.minecraft.apple":1,"stat.killEntity.Skeleton":10,"stat.craftItem.minecraft.planks":136,"stat.useItem.minecraft.iron_sword":27,"stat.pickup.minecraft.stone_sword":1,"stat.mobKills":38,"stat.pickup.minecraft.book":3,"stat.mineBlock.minecraft.log":56,"stat.mineBlock.minecraft.bookshelf":1,"stat.mineBlock.minecraft.leaves":9,"stat.craftItem.minecraft.paper":3,"stat.pickup.minecraft.torch":4,"stat.mineBlock.minecraft.redstone_ore":30,"stat.sneakTime":4731,"stat.pickup.minecraft.wool":16,"stat.pickup.rustic.chili_pepper_seeds":5,"stat.useItem.minecraft.wooden_axe":44,"stat.mineBlock.minecraft.stone":417}