{
  "mod_lavacow:mod_lavacow/root": {
    "criteria": {
      "tick": "2024-08-26 05:27:28 +0000"
    },
    "done": true
  },
  "betteranimalsplus:root": {
    "criteria": {
      "tick": "2024-08-26 05:27:28 +0000"
    },
    "done": true
  },
  "mowziesmobs:root": {
    "criteria": {
      "custom_test_name": "2024-08-26 05:27:28 +0000"
    },
    "done": true
  },
  "minecraft:adventure/adventuring_time": {
    "criteria": {
      "taiga_hills": "2024-08-26 05:27:27 +0000"
    },
    "done": false
  },
  "cqrepoured:cqr/root": {
    "criteria": {
      "tick": "2024-08-26 05:27:28 +0000"
    },
    "done": true
  }
}